coordinate	base	pair_coordinate	pair_base
	A		
	C		
	C		
5587	A		
5588	T	5655	A
5589	T	5654	A
5590	C	5653	G
5591	C	5652	G
5592	T	5651	G
5593	G	5650	C
5594	A	5649	T
5595	C	5611	G
5596	G	5610	C
5597	T	5609	A
5598	T	5608	G
5599	T	5607	A
5600	T		
5601	G		
5602	G		
5603	G		
5604	G		
5605	T		
5606	G		
5607	A	5599	T
5608	G	5598	T
5609	A	5597	T
5610	C	5596	G
5611	G	5595	C
5612	T		
5613	A		
5614	G		
5615	T		
5616	T	5632	G
5617	G	5631	C
5618	A	5630	T
5619	C	5629	G
5620	T	5628	A
5621	T		
5622	G		
5623	C		
5624	G		
5625	T		
5626	T		
5627	T		
5628	A	5620	T
5629	G	5619	C
5630	T	5618	A
5631	C	5617	G
5632	G	5616	T
5633	G		
5634	T	5646	G
5635	G	5645	C
5636	A	5644	T
5637	A	5643	T
5638	A		
5639	T		
5640	T		
5641	A		
5642	A		
5643	T	5637	A
5644	T	5636	A
5645	C	5635	G
5646	G	5634	T
5647	A		
5648	T		
5649	T	5594	A
5650	C	5593	G
5651	G	5592	T
5652	G	5591	C
5653	G	5590	C
5654	A	5589	T
5655	A	5588	T
	A		
	C		
	C		
5761	T		
5762	T	5826	A
5763	C	5825	G
5764	G	5824	C
5765	G	5823	T
5766	G	5822	C
5767	G	5821	C
5768	C	5820	G
5769	C	5784	G
5770	G	5783	C
5771	T	5782	A
5772	C	5781	G
5773	C		
5774	A		
5775	A		
5776	A		
5777	C		
5778	T		
5779	T		
5780	C		
5781	G	5772	C
5782	A	5771	T
5783	C	5770	G
5784	G	5769	C
5785	A		
5786	A		
5787	G		
5788	A		
5789	A	5805	T
5790	G	5804	T
5791	C	5803	G
5792	T	5802	A
5793	T	5801	A
5794	A		
5795	A		
5796	A		
5797	C		
5798	G		
5799	T		
5800	T		
5801	A	5793	T
5802	A	5792	T
5803	G	5791	C
5804	T	5790	G
5805	T	5789	A
5806	A		
5807	T	5817	G
5808	A	5816	T
5809	C	5815	G
5810	T		
5811	T		
5812	T		
5813	T		
5814	A		
5815	G	5809	C
5816	T	5808	A
5817	G	5807	T
5818	G		
5819	A		
5820	G	5768	C
5821	C	5767	G
5822	C	5766	G
5823	T	5765	G
5824	C	5764	G
5825	G	5763	C
5826	A	5762	T
	A		
	C		
	C		
7585	A		
7584	T	7518	A
7583	T	7519	A
7582	C	7520	G
7581	T	7521	G
7580	A	7522	T
7579	T	7523	A
7578	A	7524	T
7577	T	7562	A
7576	A	7563	T
7575	T	7564	A
7574	C	7565	G
7573	C	7566	G
7572	T		
7571	A		
7570	A		
7569	A		
7568	T		
7567	C		
7566	G	7573	C
7565	G	7574	C
7564	A	7575	T
7563	T	7576	A
7562	A	7577	T
7561	T		
7560	T		
7559	A		
7558	A		
7557	A	7541	T
7556	T	7542	A
7555	T	7543	A
7554	G	7544	C
7553	A	7545	T
7552	A		
7551	A		
7550	C		
7549	T		
7548	G		
7547	T		
7546	T		
7545	T	7553	A
7544	C	7554	G
7543	A	7555	T
7542	A	7556	T
7541	T	7557	A
7540	A		
7539	C	7527	G
7538	T	7528	A
7537	T	7529	A
7536	T	7530	A
7535	A		
7534	C		
7533	C		
7532	A		
7531	A		
7530	A	7536	T
7529	A	7537	T
7528	A	7538	T
7527	G	7539	C
7526	A		
7525	T		
7524	T	7578	A
7523	A	7579	T
7522	T	7580	A
7521	G	7581	T
7520	G	7582	C
7519	A	7583	T
7518	A	7584	T
	A		
	C		
	C		
14674	A		
14675	T	14742	G
14676	A	14741	T
14677	A	14740	T
14678	G	14739	C
14679	A	14738	T
14680	G	14737	T
14681	C	14736	G
14682	G	14698	C
14683	T	14697	G
14684	G	14696	T
14685	C	14695	G
14686	C	14694	G
14687	T		
14688	G		
14689	A		
14690	T		
14691	G		
14692	T		
14693	T		
14694	G	14686	C
14695	G	14685	C
14696	T	14684	G
14697	G	14683	T
14698	C	14682	G
14699	T		
14700	G		
14701	G		
14702	T		
14703	T	14719	A
14704	A	14718	T
14705	C	14717	G
14706	T	14716	G
14707	A	14715	T
14708	T		
14709	A		
14710	C		
14711	T		
14712	T		
14713	T		
14714	T		
14715	T	14707	A
14716	G	14706	T
14717	G	14705	C
14718	T	14704	A
14719	A	14703	T
14720	G		
14721	C	14733	G
14722	A	14732	T
14723	A	14731	T
14724	C	14730	G
14725	A		
14726	T		
14727	A		
14728	A		
14729	A		
14730	G	14724	C
14731	T	14723	A
14732	T	14722	A
14733	G	14721	C
14734	A		
14735	T		
14736	G	14681	C
14737	T	14680	G
14738	T	14679	A
14739	C	14678	G
14740	T	14677	A
14741	T	14676	A
14742	G	14675	T
	A		
	C		
	C		
647	A		
646	C	577	G
645	A	578	T
644	A	579	T
643	A	580	T
642	T	581	A
641	A	582	T
640	C	583	G
639	C	625	G
638	C	626	G
637	C	627	G
636	A		
635	C		
634	T		
633	A		
632	C		
631	A		
630	C		
629	T		
628	C		
627	G	637	C
626	G	638	C
625	G	639	C
624	C		
623	A		
622	G		
621	A		
620	T	604	A
619	T	605	T
618	T	606	A
617	G	607	C
616	T	608	A
615	A		
614	A		
613	A		
612	A		
611	G		
610	T		
609	C		
608	A	616	T
607	C	617	G
606	A	618	T
605	T	619	T
604	A	620	T
603	A		
602	C	586	G
601	G	587	C
600	A	588	T
599	A	589	T
598	A		
597	C		
596	T		
595	C		
594	C		
593	T		
592	C		
591	C		
590	A		
589	T	599	A
588	T	600	A
587	C	601	G
586	G	602	C
585	A		
584	T		
583	G	640	C
582	T	641	A
581	A	642	T
580	T	643	A
579	T	644	A
578	T	645	A
577	G	646	C
	A		
	C		
	C		
10058	A		
10057	T	9991	A
10056	G	9992	C
10055	A	9993	T
10054	G	9994	C
10053	A	9995	T
10052	A	9996	T
10051	A	9997	T
10050	A	10035	T
10049	A	10036	T
10048	A	10037	T
10047	C	10038	G
10046	T	10039	A
10045	T		
10044	A		
10043	C		
10042	A		
10041	A		
10040	C		
10039	A	10046	T
10038	G	10047	C
10037	T	10048	A
10036	T	10049	A
10035	T	10050	A
10034	T		
10033	G		
10032	A		
10031	T		
10030	C	10014	G
10029	A	10015	T
10028	A	10016	T
10027	T	10017	A
10026	T	10018	A
10025	A		
10024	A		
10023	C		
10022	C		
10021	T		
10020	T		
10019	C		
10018	A	10026	T
10017	A	10027	T
10016	T	10028	A
10015	T	10029	A
10014	G	10030	C
10013	C		
10012	C	10000	G
10011	A	10001	T
10010	T	10002	A
10009	G	10003	T
10008	A		
10007	T		
10006	A		
10005	A		
10004	A		
10003	T	10009	G
10002	A	10010	T
10001	T	10011	A
10000	G	10012	C
9999	A		
9998	T		
9997	T	10051	A
9996	T	10052	A
9995	T	10053	A
9994	C	10054	G
9993	T	10055	A
9992	C	10056	G
9991	A	10057	T
	A		
	C		
	C		
12206	C		
12205	C	12138	G
12204	A	12139	T
12203	T	12140	A
12202	T	12141	A
12201	T	12142	A
12200	A	12143	T
12199	T	12144	A
12198	T	12182	A
12197	C	12183	G
12196	C	12184	A
12195	C	12185	G
12194	C	12186	G
12193	A		
12192	G		
12191	C		
12190	A		
12189	T		
12188	T		
12187	C		
12186	G	12194	C
12185	G	12195	C
12184	A	12196	C
12183	G	12197	C
12182	A	12198	T
12181	C		
12180	A		
12179	A		
12178	C		
12177	A	12161	T
12176	G	12162	C
12175	T	12163	A
12174	C	12164	G
12173	T	12165	A
12172	A		
12171	A		
12170	G		
12169	T		
12168	G		
12167	T		
12166	T		
12165	A	12173	T
12164	G	12174	C
12163	A	12175	T
12162	C	12176	G
12161	T	12177	A
12160	A		
12159	C	12147	G
12158	A	12148	T
12157	A	12149	T
12156	A	12150	T
12155	A		
12154	C		
12153	C		
12152	A		
12151	A		
12150	T	12156	A
12149	T	12157	A
12148	T	12158	A
12147	G	12159	C
12146	A		
12145	T		
12144	A	12199	T
12143	T	12200	A
12142	A	12201	T
12141	A	12202	T
12140	A	12203	T
12139	T	12204	A
12138	G	12205	C
	A		
	C		
	C		
4331	A		
4330	T	4263	A
4329	C	4264	G
4328	T	4265	A
4327	T	4266	A
4326	T	4267	A
4325	A	4268	T
4324	T	4269	A
4323	T	4307	A
4322	C	4308	G
4321	C	4309	G
4320	C	4310	A
4319	C	4311	G
4318	C		
4317	A		
4316	A		
4315	A		
4314	T		
4313	T		
4312	C		
4311	G	4319	C
4310	A	4320	C
4309	G	4321	C
4308	G	4322	C
4307	A	4323	T
4306	T		
4305	A		
4304	A		
4303	T		
4302	A		
4301	A	4285	T
4300	A	4286	T
4299	T	4287	A
4298	G	4288	C
4297	A	4289	T
4296	G		
4295	A		
4294	T		
4293	A		
4292	G		
4291	T		
4290	T		
4289	T	4297	A
4288	C	4298	G
4287	A	4299	T
4286	T	4300	A
4285	T	4301	A
4284	G		
4283	A	4272	T
4282	G	4273	C
4281	A	4274	T
4280	A		
4279	A		
4278	A		
4277	T		
4276	A		
4275	G		
4274	T	4281	A
4273	C	4282	G
4272	T	4283	A
4271	G		
4270	T		
4269	A	4324	T
4268	T	4325	A
4267	A	4326	T
4266	A	4327	T
4265	A	4328	T
4264	G	4329	C
4263	A	4330	T
	A		
	C		
	C		
8364	A		
8363	G	8295	C
8362	T	8296	A
8361	G	8297	C
8360	A	8298	T
8359	C	8299	G
8358	A	8300	T
8357	T	8301	A
8356	T	8338	A
8355	T	8339	A
8354	C	8340	G
8353	T	8341	A
8352	C	8342	G
8351	C		
8350	A		
8349	C		
8348	A		
8347	A		
8346	C		
8345	C		
8344	A		
8343	A		
8342	G	8352	C
8341	A	8353	T
8340	G	8354	C
8339	A	8355	T
8338	A	8356	T
8337	T		
8336	T		
8335	A		
8334	G		
8333	A		
8332	A	8316	T
8331	A	8317	T
8330	T	8318	A
8329	T	8319	A
8328	G	8320	C
8327	A		
8326	A		
8325	T		
8324	T		
8323	T		
8322	T		
8321	C		
8320	C	8328	G
8319	A	8329	T
8318	A	8330	T
8317	T	8331	A
8316	T	8332	A
8315	A		
8314	C	8304	G
8313	G	8305	C
8312	A	8306	T
8311	T	8307	A
8310	T		
8309	C		
8308	A		
8307	A	8311	T
8306	T	8312	A
8305	C	8313	G
8304	G	8314	C
8303	A		
8302	A		
8301	A	8357	T
8300	T	8358	A
8299	G	8359	C
8298	T	8360	A
8297	C	8361	G
8296	A	8362	T
8295	C	8363	G
	A		
	C		
	C		
3304	A		
3303	C	3230	G
3302	A	3231	T
3301	A	3232	T
3300	T	3233	A
3299	T	3234	A
3298	C	3235	G
3297	T	3236	A
3296	T	3280	A
3295	C	3281	G
3294	T	3282	A
3293	C	3283	G
3292	C	3284	G
3291	T		
3290	T		
3289	A		
3288	A		
3287	C		
3286	T		
3285	T		
3284	G	3292	C
3283	G	3293	C
3282	A	3294	T
3281	G	3295	C
3280	A	3296	T
3279	C		
3278	T		
3277	G		
3276	A		
3275	C		
3274	A	3258	T
3273	T	3259	A
3272	T	3260	A
3271	T	3261	A
3270	C	3262	A
3269	A		
3268	A		
3267	A		
3266	A		
3265	T		
3264	T		
3263	C		
3262	A	3270	C
3261	A	3271	T
3260	A	3272	T
3259	A	3273	T
3258	T	3274	A
3257	A		
3256	C	3239	G
3255	G	3240	C
3254	C	3241	A
3253	T	3242	G
3252	A		
3251	A		
3250	T		
3249	G		
3248	G		
3247	C		
3246	C		
3245	C		
3244	G		
3243	A		
3242	G	3253	T
3241	A	3254	C
3240	C	3255	G
3239	G	3256	C
3238	G		
3237	T		
3236	A	3297	T
3235	G	3298	C
3234	A	3299	T
3233	A	3300	T
3232	T	3301	A
3231	T	3302	A
3230	G	3303	C
	A		
	C		
	C		
12336	A		
12335	T	12266	A
12334	G	12267	C
12333	A	12268	T
12332	A	12269	T
12331	A	12270	T
12330	A	12271	T
12329	T	12272	A
12328	A	12312	T
12327	A	12313	T
12326	A	12314	T
12325	C	12315	G
12324	C	12316	G
12323	T		
12322	C		
12321	A		
12320	A		
12319	C		
12318	G		
12317	T		
12316	G	12324	C
12315	G	12325	C
12314	T	12326	A
12313	T	12327	A
12312	T	12328	A
12311	T		
12310	A		
12309	A		
12308	A		
12307	A	12291	T
12306	A	12292	T
12305	C	12293	G
12304	C	12294	G
12303	C	12295	T
12302	C		
12301	G		
12300	G		
12299	A		
12298	T		
12297	T		
12296	C		
12295	T	12303	C
12294	G	12304	C
12293	G	12305	C
12292	T	12306	A
12291	T	12307	A
12290	A		
12289	C	12275	G
12288	C	12276	G
12287	T	12277	A
12286	A	12278	T
12285	T		
12284	C		
12283	G		
12282	A		
12281	C		
12280	A		
12279	A		
12278	T	12286	A
12277	A	12287	T
12276	G	12288	C
12275	G	12289	C
12274	A		
12273	A		
12272	A	12329	T
12271	T	12330	A
12270	T	12331	A
12269	T	12332	A
12268	T	12333	A
12267	C	12334	G
12266	A	12335	T
	A		
	C		
	C		
4469	A		
4468	T	4402	A
4467	C	4403	G
4466	A	4404	T
4465	T	4405	A
4464	G	4406	A
4463	C	4407	G
4462	C	4408	G
4461	C	4446	G
4460	T	4447	T
4459	T	4448	T
4458	C	4449	G
4457	C	4450	G
4456	C		
4455	A		
4454	T		
4453	A		
4452	T		
4451	T		
4450	G	4457	C
4449	G	4458	C
4448	T	4459	T
4447	T	4460	T
4446	G	4461	C
4445	T		
4444	A		
4443	A		
4442	A		
4441	A	4425	T
4440	G	4426	C
4439	C	4427	G
4438	C	4428	G
4437	C	4429	G
4436	C		
4435	A		
4434	T		
4433	A		
4432	C		
4431	C		
4430	C		
4429	G	4437	C
4428	G	4438	C
4427	G	4439	C
4426	C	4440	G
4425	T	4441	A
4424	A		
4423	T	4411	A
4422	C	4412	G
4421	G	4413	C
4420	A	4414	T
4419	A		
4418	T		
4417	A		
4416	A		
4415	A		
4414	T	4420	A
4413	C	4421	G
4412	G	4422	C
4411	A	4423	T
4410	C		
4409	T		
4408	G	4462	C
4407	G	4463	C
4406	A	4464	G
4405	A	4465	T
4404	T	4466	A
4403	G	4467	C
4402	A	4468	T
	A		
	C		
	C		
5657	G		
5658	A	5729	T
5659	T	5728	A
5660	C	5727	G
5661	T	5726	A
5662	G	5725	T
5663	G	5724	T
5664	T	5723	G
5665	T	5681	G
5666	A	5680	T
5667	C	5679	G
5668	C	5678	G
5669	C	5677	G
5670	T		
5671	G		
5672	A		
5673	A		
5674	T		
5675	T		
5676	T		
5677	G	5669	C
5678	G	5668	C
5679	G	5667	C
5680	T	5666	A
5681	G	5665	T
5682	T		
5683	T		
5684	T		
5685	G		
5686	T		
5687	G	5703	C
5688	A	5702	T
5689	A	5701	T
5690	T	5700	A
5691	C	5699	G
5692	A		
5693	A		
5694	T		
5695	T		
5696	G		
5697	T		
5698	C		
5699	G	5691	C
5700	A	5690	T
5701	T	5689	A
5702	T	5688	A
5703	C	5687	G
5704	G		
5705	T	5720	G
5706	G	5719	C
5707	G	5718	C
5708	G		
5709	A		
5710	T		
5711	T		
5712	A		
5713	G		
5714	T		
5715	T		
5716	G		
5717	A		
5718	C	5707	G
5719	C	5706	G
5720	G	5705	T
5721	A		
5722	A		
5723	G	5664	T
5724	T	5663	G
5725	T	5662	G
5726	A	5661	T
5727	G	5660	C
5728	A	5659	T
5729	T	5658	A
	A		
	C		
	C		
15956	A		
15957	G	16023	C
15958	T	16022	A
15959	C	16021	G
15960	T	16020	A
15961	C	16019	G
15962	T	16018	A
15963	T	16017	A
15964	T	15978	G
15965	T	15977	G
15966	T	15976	A
15967	C	15975	G
15968	A		
15969	G		
15970	A		
15971	A		
15972	A		
15973	T		
15974	T		
15975	G	15967	C
15976	A	15966	T
15977	G	15965	T
15978	G	15964	T
15979	T		
15980	G		
15981	G		
15982	T		
15983	A	15999	T
15984	A	15998	T
15985	T	15997	A
15986	C	15996	G
15987	G	15995	C
15988	T		
15989	G		
15990	G		
15991	G		
15992	T		
15993	T		
15994	T		
15995	C	15987	G
15996	G	15986	C
15997	A	15985	T
15998	T	15984	A
15999	T	15983	A
16000	C		
16001	T	16014	G
16002	A	16013	T
16003	A	16012	T
16004	G	16011	T
16005	A		
16006	T		
16007	T		
16008	A		
16009	A		
16010	A		
16011	T	16004	G
16012	T	16003	A
16013	T	16002	A
16014	G	16001	T
16015	A		
16016	T		
16017	A	15963	T
16018	A	15962	T
16019	G	15961	C
16020	A	15960	T
16021	G	15959	C
16022	A	15958	T
16023	C	15957	G
	A		
	C		
	C		
4329	G		
4330	A	4400	T
4331	T	4399	A
4332	C	4398	G
4333	C	4397	G
4334	T	4396	A
4335	G	4395	T
4336	A	4394	G
4337	T	4353	A
4338	A	4352	T
4339	C	4351	G
4340	T	4350	G
4341	C	4349	G
4342	T		
4343	T		
4344	A		
4345	G		
4346	C		
4347	T		
4348	T		
4349	G	4341	C
4350	G	4340	T
4351	G	4339	C
4352	T	4338	A
4353	A	4337	T
4354	G		
4355	G		
4356	G		
4357	A		
4358	C	4374	G
4359	T	4373	A
4360	C	4372	G
4361	T	4371	A
4362	T	4370	A
4363	A		
4364	G		
4365	G		
4366	T		
4367	T		
4368	T		
4369	T		
4370	A	4362	T
4371	A	4361	T
4372	G	4360	C
4373	A	4359	T
4374	G	4358	C
4375	G		
4376	C	4391	G
4377	A	4390	T
4378	C	4389	G
4379	G	4388	T
4380	G		
4381	T		
4382	G		
4383	G		
4384	A		
4385	T		
4386	A		
4387	G		
4388	T	4379	G
4389	G	4378	C
4390	T	4377	A
4391	G	4376	C
4392	G		
4393	G		
4394	G	4336	A
4395	T	4335	G
4396	A	4334	T
4397	G	4333	C
4398	G	4332	C
4399	A	4331	T
4400	T	4330	A
	A		
	C		
	C		
10469	A		
10468	A	10405	T
10467	C	10406	G
10466	C	10407	G
10465	A	10408	T
10464	T	10409	A
10463	T	10410	T
10462	T	10411	A
10461	A	10449	T
10460	T	10450	A
10459	A	10451	T
10458	C	10452	G
10457	T		
10456	A		
10455	A		
10454	T		
10453	A		
10452	G	10458	C
10451	T	10459	A
10450	A	10460	T
10449	T	10461	A
10448	T		
10447	A		
10446	A		
10445	A		
10444	T	10428	A
10443	T	10429	A
10442	A	10430	T
10441	C	10431	G
10440	T	10432	A
10439	C		
10438	A		
10437	G		
10436	C		
10435	T		
10434	T		
10433	T		
10432	A	10440	T
10431	G	10441	C
10430	T	10442	A
10429	A	10443	T
10428	A	10444	T
10427	G		
10426	C	10414	G
10425	A	10415	T
10424	A	10416	T
10423	A	10417	T
10422	A		
10421	C		
10420	A		
10419	A		
10418	A		
10417	T	10423	A
10416	T	10424	A
10415	T	10425	A
10414	G	10426	C
10413	A		
10412	T		
10411	A	10462	T
10410	T	10463	T
10409	A	10464	T
10408	T	10465	A
10407	G	10466	C
10406	G	10467	C
10405	T	10468	A
	A		
	C		
	C		
7446	G		
7447	T	7514	G
7448	T	7513	A
7449	T	7512	A
7450	T	7511	A
7451	T	7510	A
7452	T	7509	A
7453	C	7508	G
7454	C	7470	G
7455	T	7469	G
7456	T	7468	G
7457	C	7467	G
7458	C	7466	G
7459	T		
7460	T		
7461	A		
7462	G		
7463	C		
7464	T		
7465	T		
7466	G	7458	C
7467	G	7457	C
7468	G	7456	T
7469	G	7455	T
7470	G	7454	C
7471	G		
7472	T		
7473	T		
7474	T	7492	G
7475	C	7491	G
7476	G	7490	T
7477	A	7489	T
7478	C	7488	G
7479	C	7487	G
7480	A		
7481	A		
7482	A		
7483	G		
7484	T		
7485	T		
7486	C		
7487	G	7479	C
7488	G	7478	C
7489	T	7477	A
7490	T	7476	G
7491	G	7475	C
7492	G	7474	T
7493	G		
7494	G	7506	C
7495	T	7505	A
7496	A	7504	T
7497	C	7503	G
7498	C		
7499	G		
7500	G		
7501	A		
7502	G		
7503	G	7497	C
7504	T	7496	A
7505	A	7495	T
7506	C	7494	G
7507	T		
7508	G	7453	C
7509	A	7452	T
7510	A	7451	T
7511	A	7450	T
7512	A	7449	T
7513	A	7448	T
7514	G	7447	T
	A		
	C		
	C		
12265	A		
12264	C	12207	G
12263	T	12208	A
12262	C	12209	G
12261	T	12210	A
12260	T	12211	A
12259	T	12212	A
12258	C	12213	G
12257	G	12240	C
12256	G	12241	C
12255	T	12242	A
12254	A	12243	T
12253	C	12244	G
12252	A		
12251	A		
12250	C		
12249	A		
12248	A		
12247	T		
12246	C		
12245	T		
12244	G	12253	C
12243	T	12254	A
12242	A	12255	T
12241	C	12256	G
12240	C	12257	G
12239	C		
12238	C		
12237	C		
12236	G	12218	C
12235	T	12219	A
12234	A	12220	A
12233	C	12221	G
12232	T	12222	A
12231	C	12223	A
12230	A		
12229	A		
12228	T		
12227	C		
12226	G		
12225	T		
12224	C		
12223	A	12231	C
12222	A	12232	T
12221	G	12233	C
12220	A	12234	A
12219	A	12235	T
12218	C	12236	G
12217	A		
12216	C		
12215	T		
12214	C		
12213	G	12258	C
12212	A	12259	T
12211	A	12260	T
12210	A	12261	T
12209	G	12262	C
12208	A	12263	T
12207	G	12264	C
	A		
	C		
	C		
15953	A		
15952	C	15888	G
15951	A	15889	T
15950	G	15890	C
15949	G	15891	C
15948	A	15892	T
15947	A	15893	T
15946	C	15894	G
15945	C	15933	G
15944	T	15934	A
15943	T	15935	A
15942	T	15936	A
15941	T		
15940	T		
15939	C		
15938	C		
15937	A		
15936	A	15942	T
15935	A	15943	T
15934	A	15944	T
15933	G	15945	C
15932	T		
15931	A		
15930	G		
15929	A		
15928	G	15912	C
15927	G	15913	C
15926	C	15914	A
15925	C	15915	G
15924	A	15916	T
15923	A		
15922	A		
15921	T		
15920	G		
15919	T		
15918	T		
15917	C		
15916	T	15924	A
15915	G	15925	C
15914	A	15926	C
15913	C	15927	G
15912	C	15928	G
15911	A		
15910	C	15897	G
15909	A	15898	T
15908	T	15899	A
15907	A		
15906	A		
15905	T		
15904	C		
15903	A		
15902	A		
15901	A		
15900	T		
15899	A	15908	T
15898	T	15909	A
15897	G	15910	C
15896	A		
15895	T		
15894	G	15946	C
15893	T	15947	A
15892	T	15948	A
15891	C	15949	G
15890	C	15950	G
15889	T	15951	A
15888	G	15952	C
	A		
	C		
	C		
1670	A		
1669	G	1602	C
1668	T	1603	A
1667	C	1604	G
1666	T	1605	A
1665	C	1606	G
1664	G	1607	T
1663	C	1608	G
1662	C	1647	T
1661	A	1648	T
1660	G	1649	C
1659	T	1650	A
1658	T	1651	A
1657	C		
1656	A		
1655	A		
1654	T		
1653	T		
1652	C		
1651	A	1658	T
1650	A	1659	T
1649	C	1660	G
1648	T	1661	A
1647	T	1662	C
1646	T		
1645	A		
1644	G		
1643	A		
1642	G	1626	C
1641	G	1627	C
1640	A	1628	C
1639	T	1629	A
1638	T	1630	A
1637	C		
1636	A		
1635	C		
1634	A		
1633	T		
1632	T		
1631	C		
1630	A	1638	T
1629	A	1639	T
1628	C	1640	A
1627	C	1641	G
1626	C	1642	G
1625	A		
1624	C	1611	G
1623	G	1612	C
1622	A	1613	T
1621	A	1614	T
1620	A		
1619	C		
1618	A		
1617	C		
1616	A		
1615	A		
1614	T	1621	A
1613	T	1622	A
1612	C	1623	G
1611	G	1624	C
1610	A		
1609	T		
1608	G	1663	C
1607	T	1664	G
1606	G	1665	C
1605	A	1666	T
1604	G	1667	C
1603	A	1668	T
1602	C	1669	G
	A		
	C		
	C		
5579	G		
5578	T	5512	A
5577	C	5513	G
5576	T	5514	A
5575	T	5515	A
5574	T	5516	A
5573	A	5517	T
5572	A	5518	T
5571	T	5558	A
5570	T	5559	A
5569	C	5560	G
5568	A		
5567	T		
5566	A		
5565	A		
5564	C		
5563	G		
5562	T		
5561	T		
5560	G	5569	C
5559	A	5570	T
5558	A	5571	T
5557	T		
5556	G		
5555	A		
5554	C		
5553	T	5537	A
5552	C	5538	G
5551	C	5539	A
5550	C	5540	G
5549	G	5541	C
5548	A		
5547	A		
5546	A		
5545	C		
5544	T		
5543	T		
5542	C		
5541	C	5549	G
5540	G	5550	C
5539	A	5551	C
5538	G	5552	C
5537	A	5553	T
5536	A		
5535	C	5521	G
5534	C	5522	G
5533	A	5523	T
5532	G	5524	T
5531	A		
5530	C		
5529	A		
5528	T		
5527	A		
5526	A		
5525	A		
5524	T	5532	G
5523	T	5533	A
5522	G	5534	C
5521	G	5535	C
5520	A		
5519	T		
5518	T	5572	A
5517	T	5573	A
5516	A	5574	T
5515	A	5575	T
5514	A	5576	T
5513	G	5577	C
5512	A	5578	T
	A		
	C		
	C		
5826	A		
5827	C	5891	G
5828	C	5890	G
5829	A	5889	T
5830	T	5888	A
5831	T	5887	A
5832	T	5886	A
5833	T	5885	A
5834	T	5848	A
5835	C	5847	G
5836	T	5846	G
5837	C	5845	G
5838	C	5844	G
5839	G		
5840	G		
5841	A		
5842	T		
5843	T		
5844	G	5838	C
5845	G	5837	C
5846	G	5836	T
5847	G	5835	C
5848	A	5834	T
5849	C		
5850	A		
5851	G		
5852	A		
5853	A	5869	T
5854	A	5868	T
5855	T	5867	G
5856	C	5866	G
5857	T	5865	A
5858	A		
5859	A		
5860	A		
5861	T		
5862	G		
5863	T		
5864	C		
5865	A	5857	T
5866	G	5856	C
5867	G	5855	T
5868	T	5854	A
5869	T	5853	A
5870	A		
5871	C	5882	G
5872	G	5881	C
5873	A	5880	T
5874	A		
5875	G		
5876	T		
5877	G		
5878	A		
5879	G		
5880	T	5873	A
5881	C	5872	G
5882	G	5871	C
5883	G		
5884	T		
5885	A	5833	T
5886	A	5832	T
5887	A	5831	T
5888	A	5830	T
5889	T	5829	A
5890	G	5828	C
5891	G	5827	C
648	A		
649	A	668	T
650	T		
651	A	667	T
652	G	666	C
653	G	665	C
654	T	664	G
655	T		
656	T		
657	G	1173	C
658	G	1172	C
659	T	1171	A
660	C	1170	G
661	C	1169	G
662	T		
663	A		
664	G	654	T
665	C	653	G
666	C	652	G
667	T	651	A
668	T	649	A
669	T	928	A
670	C	927	G
671	T	926	A
672	A	925	T
673	T	924	A
674	T	923	A
675	A	922	C
676	G	921	T
677	C	920	G
678	T		
679	C		
680	T	866	A
681	T	865	A
682	A	864	T
683	G	863	C
684	T	862	A
685	A	861	T
686	A	859	T
687	G	858	C
688	A		
689	T	824	T
690	T	823	A
691	A		
692	C	822	G
693	A	821	T
694	C	820	G
695	A		
696	T	819	A
697	G	818	C
698	C	817	G
699	A		
700	A		
701	G	708	C
702	C	707	C
703	A		
704	T		
705	C		
706	C		
707	C	702	C
708	C	701	G
709	G		
710	T		
711	T		
712	C		
713	C		
714	A		
715	G	800	C
716	T	799	A
717	G	798	C
718	A		
719	G		
720	T		
721	T		
722	C		
723	A		
724	C	751	A
725	C	749	G
726	C	748	G
727	T	747	A
728	C		
729	T		
730	A		
731	A		
732	A	742	T
733	T	741	A
734	C	740	G
735	A		
736	C		
737	C		
738	A		
739	C		
740	G	734	C
741	A	733	T
742	T	732	A
743	C		
744	A		
745	A		
746	A		
747	A	727	T
748	G	726	C
749	G	725	C
750	A		
751	A	724	C
752	C		
753	A	789	T
754	A	788	T
755	G	787	C
756	C	786	G
757	A		
758	T		
759	C	785	C
760	A		
761	A	779	T
762	G	778	C
763	C		
764	A		
765	C	777	G
766	G	775	C
767	C	774	G
768	A	773	T
769	G		
770	C		
771	A		
772	A		
773	T	768	A
774	G	767	C
775	C	766	G
776	A		
777	G	765	C
778	C	762	G
779	T	761	A
780	C		
781	A		
782	A		
783	A		
784	A		
785	C	759	C
786	G	756	C
787	C	755	G
788	T	754	A
789	T	753	A
790	A		
791	G	797	C
792	C	796	G
793	C		
794	T		
795	A		
796	G	792	C
797	C	791	G
798	C	717	G
799	A	716	T
800	C	715	G
801	A		
802	C	811	G
803	C	810	G
804	C	809	G
805	C		
806	C		
807	A		
808	C		
809	G	804	C
810	G	803	C
811	G	802	C
812	A		
813	A		
814	A		
815	C		
816	A		
817	G	698	C
818	C	697	G
819	A	696	T
820	G	694	C
821	T	693	A
822	G	692	C
823	A	690	T
824	T	689	T
825	T		
826	A		
827	A		
828	C		
829	C		
830	T	856	A
831	T		
832	T	855	A
833	A	854	T
834	G	853	C
835	C		
836	A		
837	A		
838	T	851	A
839	A	850	T
840	A	849	T
841	A	848	T
842	C	847	G
843	G		
844	A		
845	A		
846	A		
847	G	842	C
848	T	841	A
849	T	840	A
850	T	839	A
851	A	838	T
852	A		
853	C	834	G
854	T	833	A
855	A	832	T
856	A	830	T
857	G		
858	C	687	G
859	T	686	A
860	A		
861	T	685	A
862	A	684	T
863	C	683	G
864	T	682	A
865	A	681	T
866	A	680	T
867	C		
868	C		
869	C		
870	C		
871	A		
872	G	917	C
873	G	916	C
874	G	915	C
875	T	914	A
876	T	913	A
877	G		
878	G		
879	T		
880	C		
881	A		
882	A		
883	T	912	T
884	T	911	T
885	T	910	A
886	C	909	G
887	G	908	C
888	T		
889	G		
890	C		
891	C		
892	A		
893	G	900	C
894	C	899	G
895	C		
896	A		
897	C		
898	C		
899	G	894	C
900	C	893	G
901	G		
902	G		
903	T		
904	C		
905	A		
906	C		
907	A		
908	C	887	G
909	G	886	C
910	A	885	T
911	T	884	T
912	T	883	T
913	A	876	T
914	A	875	T
915	C	874	G
916	C	873	G
917	C	872	G
918	A		
919	A		
920	G	677	C
921	T	676	G
922	C	675	A
923	A	674	T
924	A	673	T
925	T	672	A
926	A	671	T
927	G	670	C
928	A	669	T
929	A		
930	G		
931	C		
932	C		
933	G	1136	C
934	G	1135	C
935	C	1134	G
936	G		
937	T		
938	A		
939	A		
940	A		
941	G		
942	A		
943	G	1052	C
944	T	1051	A
945	G	1050	C
946	T	1049	A
947	T		
948	T		
949	T		
950	A	1044	T
951	G	1043	C
952	A	1042	T
953	T		
954	C		
955	A		
956	C		
957	C		
958	C		
959	C		
960	C		
961	T		
962	C		
963	C		
964	C		
965	C		
966	A		
967	A		
968	T	1036	A
969	A	1035	T
970	A	1034	T
971	A	1033	T
972	G	1032	C
973	C	1031	G
974	T	1014	A
975	A	1013	A
976	A		
977	A		
978	A	1010	A
979	C	1009	C
980	T	1008	A
981	C	1007	G
982	A	1006	T
983	C	1005	T
984	C	1004	G
985	T	1003	A
986	G		
987	A		
988	G	999	C
989	T	998	A
990	T	997	A
991	G		
992	T		
993	A		
994	A		
995	A		
996	A		
997	A	990	T
998	A	989	T
999	C	988	G
1000	T		
1001	C		
1002	C		
1003	A	985	T
1004	G	984	C
1005	T	983	C
1006	T	982	A
1007	G	981	C
1008	A	980	T
1009	C	979	C
1010	A	978	A
1011	C		
1012	A		
1013	A	975	A
1014	A	974	T
1015	A		
1016	T		
1017	A		
1018	G		
1019	A		
1020	C	1030	G
1021	T		
1022	A	1029	T
1023	C	1028	G
1024	G		
1025	A		
1026	A		
1027	A		
1028	G	1023	C
1029	T	1022	A
1030	G	1020	C
1031	G	973	C
1032	C	972	G
1033	T	971	A
1034	T	970	A
1035	T	969	A
1036	A	968	T
1037	A		
1038	C		
1039	A		
1040	T		
1041	A		
1042	T	952	A
1043	C	951	G
1044	T	950	A
1045	G		
1046	A		
1047	A		
1048	C		
1049	A	946	T
1050	C	945	G
1051	A	944	T
1052	C	943	G
1053	A		
1054	A		
1055	T		
1056	A		
1057	G	1098	C
1058	C	1097	G
1059	T	1096	A
1060	A	1095	T
1061	A	1094	T
1062	G	1093	C
1063	A		
1064	C		
1065	C		
1066	C	1092	G
1067	A	1091	T
1068	A		
1069	A		
1070	C		
1071	T	1087	A
1072	G	1086	C
1073	G	1085	C
1074	G	1084	C
1075	A		
1076	T		
1077	T		
1078	A		
1079	G		
1080	A		
1081	T		
1082	A		
1083	C		
1084	C	1074	G
1085	C	1073	G
1086	C	1072	G
1087	A	1071	T
1088	C		
1089	T		
1090	A		
1091	T	1067	A
1092	G	1066	C
1093	C	1062	G
1094	T	1061	A
1095	T	1060	A
1096	A	1059	T
1097	G	1058	C
1098	C	1057	G
1099	C		
1100	C		
1101	T		
1102	A		
1103	A		
1104	A		
1105	C		
1106	C		
1107	T		
1108	C		
1109	A	1132	T
1110	A	1131	C
1111	C	1130	G
1112	A	1129	T
1113	G	1128	C
1114	T	1127	A
1115	T	1126	A
1116	A		
1117	A		
1118	A		
1119	T		
1120	C		
1121	A		
1122	A		
1123	C		
1124	A		
1125	A		
1126	A	1115	T
1127	A	1114	T
1128	C	1113	G
1129	T	1112	A
1130	G	1111	C
1131	C	1110	A
1132	T	1109	A
1133	C		
1134	G	935	C
1135	C	934	G
1136	C	933	G
1137	A		
1138	G	1165	C
1139	A	1164	T
1140	A	1163	C
1141	C		
1142	A		
1143	C		
1144	T		
1145	A		
1146	C		
1147	G	1158	T
1148	A	1157	T
1149	G	1156	C
1150	C	1155	G
1151	C		
1152	A		
1153	C		
1154	A		
1155	G	1150	C
1156	C	1149	G
1157	T	1148	A
1158	T	1147	G
1159	A		
1160	A		
1161	A		
1162	A		
1163	C	1140	A
1164	T	1139	A
1165	C	1138	G
1166	A		
1167	A		
1168	A		
1169	G	661	C
1170	G	660	C
1171	A	659	T
1172	C	658	G
1173	C	657	G
1174	T	1480	A
1175	G	1479	C
1176	G	1477	T
1177	C	1476	G
1178	G	1475	C
1179	G		
1180	T	1474	G
1181	G	1473	C
1182	C	1472	G
1183	T	1471	A
1184	T	1470	A
1185	C	1469	G
1186	A	1468	T
1187	T		
1188	A		
1189	T		
1190	C	1464	G
1191	C	1463	G
1192	C	1462	G
1193	T		
1194	C	1428	G
1195	T	1427	A
1196	A	1426	T
1197	G	1425	T
1198	A	1424	T
1199	G		
1200	G	1365	A
1201	A	1364	T
1202	G	1363	C
1203	C	1362	G
1204	C	1361	G
1205	T	1360	G
1206	G	1359	T
1207	T	1358	A
1208	T	1357	A
1209	C	1355	G
1210	T	1354	A
1211	G		
1212	T		
1213	A		
1214	A		
1215	T		
1216	C	1227	G
1217	G	1226	C
1218	A		
1219	T		
1220	A		
1221	A		
1222	A		
1223	C		
1224	C		
1225	C		
1226	C	1217	G
1227	G	1216	C
1228	A		
1229	T		
1230	C		
1231	A		
1232	A		
1233	C		
1234	C		
1235	T		
1236	C		
1237	A		
1238	C	1351	G
1239	C	1350	G
1240	A	1349	T
1241	C	1348	G
1242	C	1347	G
1243	T	1346	A
1244	C	1345	G
1245	T		
1246	T		
1247	G		
1248	C		
1249	T		
1250	C		
1251	A		
1252	G	1340	C
1253	C	1339	G
1254	C		
1255	T	1338	A
1256	A	1337	T
1257	T	1336	G
1258	A	1335	T
1259	T		
1260	A		
1261	C	1334	G
1262	C	1333	G
1263	G	1329	T
1264	C	1328	G
1265	C	1327	G
1266	A	1325	T
1267	T	1324	T
1268	C	1323	G
1269	T	1322	C
1270	T		
1271	C		
1272	A		
1273	G	1302	C
1274	C	1301	G
1275	A	1300	A
1276	A	1299	A
1277	A	1298	T
1278	C	1297	G
1279	C	1289	G
1280	C	1288	G
1281	T	1287	A
1282	G		
1283	A		
1284	T		
1285	G		
1286	A		
1287	A	1281	T
1288	G	1280	C
1289	G	1279	C
1290	C		
1291	T		
1292	A		
1293	C		
1294	A		
1295	A		
1296	A		
1297	G	1278	C
1298	T	1277	A
1299	A	1276	A
1300	A	1275	A
1301	G	1274	C
1302	C	1273	G
1303	G		
1304	C		
1305	A		
1306	A		
1307	G		
1308	T	1317	A
1309	A	1316	T
1310	C	1315	G
1311	C		
1312	C		
1313	A		
1314	C		
1315	G	1310	C
1316	T	1309	A
1317	A	1308	T
1318	A		
1319	A		
1320	G		
1321	A		
1322	C	1269	T
1323	G	1268	C
1324	T	1267	T
1325	T	1266	A
1326	A		
1327	G	1265	C
1328	G	1264	C
1329	T	1263	G
1330	C		
1331	A		
1332	A		
1333	G	1262	C
1334	G	1261	C
1335	T	1258	A
1336	G	1257	T
1337	T	1256	A
1338	A	1255	T
1339	G	1253	C
1340	C	1252	G
1341	C		
1342	C		
1343	A		
1344	T		
1345	G	1244	C
1346	A	1243	T
1347	G	1242	C
1348	G	1241	C
1349	T	1240	A
1350	G	1239	C
1351	G	1238	C
1352	C		
1353	A		
1354	A	1210	T
1355	G	1209	C
1356	A		
1357	A	1208	T
1358	A	1207	T
1359	T	1206	G
1360	G	1205	T
1361	G	1204	C
1362	G	1203	C
1363	C	1202	G
1364	T	1201	A
1365	A	1200	G
1366	C		
1367	A		
1368	T		
1369	T		
1370	T	1382	A
1371	T	1381	A
1372	C	1380	G
1373	T	1379	A
1374	A		
1375	C		
1376	C		
1377	C		
1378	C		
1379	A	1373	T
1380	G	1372	C
1381	A	1371	T
1382	A	1370	T
1383	A		
1384	A		
1385	C		
1386	T		
1387	A		
1388	C	1418	G
1389	G		
1390	A		
1391	T		
1392	A	1414	C
1393	G	1413	T
1394	C	1412	G
1395	C	1411	G
1396	C	1410	G
1397	T	1409	A
1398	T	1408	A
1399	A	1407	T
1400	T		
1401	G		
1402	A		
1403	A		
1404	A		
1405	C		
1406	T		
1407	T	1399	A
1408	A	1398	T
1409	A	1397	T
1410	G	1396	C
1411	G	1395	C
1412	G	1394	C
1413	T	1393	G
1414	C	1392	A
1415	G		
1416	A		
1417	A		
1418	G	1388	C
1419	G		
1420	T		
1421	G		
1422	G		
1423	A		
1424	T	1198	A
1425	T	1197	G
1426	T	1196	A
1427	A	1195	T
1428	G	1194	C
1429	C		
1430	A		
1431	G		
1432	T		
1433	A		
1434	A	1456	T
1435	A	1455	T
1436	C	1454	G
1437	T	1453	A
1438	A	1452	T
1439	A	1451	T
1440	G	1450	C
1441	A	1449	G
1442	G		
1443	T		
1444	A		
1445	G		
1446	A		
1447	G		
1448	T		
1449	G	1441	A
1450	C	1440	G
1451	T	1439	A
1452	T	1438	A
1453	A	1437	T
1454	G	1436	C
1455	T	1435	A
1456	T	1434	A
1457	G		
1458	A		
1459	A		
1460	C		
1461	A		
1462	G	1192	C
1463	G	1191	C
1464	G	1190	C
1465	C		
1466	C		
1467	C		
1468	T	1186	A
1469	G	1185	C
1470	A	1184	T
1471	A	1183	T
1472	G	1182	C
1473	C	1181	G
1474	G	1180	T
1475	C	1178	G
1476	G	1177	C
1477	T	1176	G
1478	A		
1479	C	1175	G
1480	A	1174	T
1481	C		
1482	A		
1483	C		
1484	C		
1485	G	1566	C
1486	C	1565	A
1487	C		
1488	C	1562	G
1489	G	1561	C
1490	T	1560	T
1491	C	1559	G
1492	A		
1493	C		
1494	C	1555	A
1495	C	1554	G
1496	T	1553	A
1497	C	1552	G
1498	C	1551	G
1499	T	1550	A
1500	C	1549	G
1501	A		
1502	A		
1503	G		
1504	T	1546	A
1505	A	1545	T
1506	T	1544	A
1507	A	1543	T
1508	C	1542	T
1509	T	1541	T
1510	T	1540	A
1511	C	1538	G
1512	A		
1513	A		
1514	A	1535	T
1515	G	1534	C
1516	G	1533	C
1517	A		
1518	C		
1519	A		
1520	T		
1521	T	1529	A
1522	T	1528	A
1523	A		
1524	A		
1525	C		
1526	T		
1527	A		
1528	A	1522	T
1529	A	1521	T
1530	A		
1531	C		
1532	C		
1533	C	1516	G
1534	C	1515	G
1535	T	1514	A
1536	A		
1537	C		
1538	G	1511	C
1539	C		
1540	A	1510	T
1541	T	1509	T
1542	T	1508	C
1543	T	1507	A
1544	A	1506	T
1545	T	1505	A
1546	A	1504	T
1547	T		
1548	A		
1549	G	1500	C
1550	A	1499	T
1551	G	1498	C
1552	G	1497	C
1553	A	1496	T
1554	G	1495	C
1555	A	1494	C
1556	C		
1557	A		
1558	A		
1559	G	1491	C
1560	T	1490	T
1561	C	1489	G
1562	G	1488	C
1563	T		
1564	A		
1565	A	1486	C
1566	C	1485	G
1567	A		
1568	T		
1569	G		
1570	G		
1571	T		
1572	A	1593	T
1573	A	1592	T
1574	G	1591	C
1575	T	1590	A
1576	G	1589	C
1577	T	1588	G
1578	A	1587	T
1579	C	1586	G
1580	T	1585	A
1581	G		
1582	G		
1583	A		
1584	A		
1585	A	1580	T
1586	G	1579	C
1587	T	1578	A
1588	G	1577	T
1589	C	1576	G
1590	A	1575	T
1591	C	1574	G
1592	T	1573	A
1593	T	1572	A
1594	G		
1595	G		
1596	A		
1597	C		
1598	G		
1599	A		
1600	A		
1601	C		
1671	G	1817	C
1672	C	1816	G
1673	T		
1674	A		
1675	A		
1676	A		
1677	C		
1678	C	1797	G
1679	T		
1680	A		
1681	G	1771	C
1682	C	1770	G
1683	C	1768	G
1684	C	1767	G
1685	C		
1686	A		
1687	A		
1688	A		
1689	C		
1690	C		
1691	C		
1692	A		
1693	C		
1694	T		
1695	C		
1696	C		
1697	A		
1698	C		
1699	C		
1700	T		
1701	T		
1702	A		
1703	C		
1704	T		
1705	A		
1706	C		
1707	C		
1708	A		
1709	G		
1710	A		
1711	C		
1712	A		
1713	A		
1714	C		
1715	C		
1716	T		
1717	T		
1718	A		
1719	G		
1720	C		
1721	C		
1722	A	1729	T
1723	A		
1724	A		
1725	C		
1726	C		
1727	A		
1728	T		
1729	T	1722	A
1730	T		
1731	A		
1732	C		
1733	C		
1734	C		
1735	A		
1736	A		
1737	A		
1738	T	1759	T
1739	A	1758	T
1740	A		
1741	A		
1742	G		
1743	T		
1744	A		
1745	T	1753	A
1746	A	1752	T
1747	G		
1748	G		
1749	C		
1750	G		
1751	A		
1752	T	1746	A
1753	A	1745	T
1754	G		
1755	A		
1756	A		
1757	A		
1758	T	1739	A
1759	T	1738	T
1760	G		
1761	A		
1762	A		
1763	A		
1764	C		
1765	C		
1766	T		
1767	G	1684	C
1768	G	1683	C
1769	C		
1770	G	1682	C
1771	C	1681	G
1772	A		
1773	A		
1774	T		
1775	A		
1776	G		
1777	A		
1778	T		
1779	A		
1780	T		
1781	A		
1782	G		
1783	T		
1784	A		
1785	C	1792	G
1786	C	1791	G
1787	G		
1788	C		
1789	A		
1790	A		
1791	G	1786	C
1792	G	1785	C
1793	G		
1794	A		
1795	A		
1796	A		
1797	G	1678	C
1798	A		
1799	T		
1800	G		
1801	A		
1802	A		
1803	A		
1804	A		
1805	A		
1806	T		
1807	T		
1808	A		
1809	T		
1810	A		
1811	A		
1812	C		
1813	C		
1814	A		
1815	A		
1816	G	1672	C
1817	C	1671	G
1818	A		
1819	T		
1820	A		
1821	A		
1822	T		
1823	A		
1824	T		
1825	A		
1826	G		
1827	C		
1828	A		
1829	A	1841	T
1830	G	1840	C
1831	G	1839	C
1832	A		
1833	C		
1834	T		
1835	A		
1836	A		
1837	C		
1838	C		
1839	C	1831	G
1840	C	1830	G
1841	T	1829	A
1842	A		
1843	T		
1844	A		
1845	C	1858	G
1846	C		
1847	T		
1848	T		
1849	C		
1850	T		
1851	G		
1852	C		
1853	A		
1854	T		
1855	A		
1856	A		
1857	T		
1858	G	1845	C
1859	A		
1860	A	2305	T
1861	T	2304	G
1862	T	2303	A
1863	A	2302	T
1864	A	2301	T
1865	C	2300	G
1866	T		
1867	A		
1868	G		
1869	A		
1870	A		
1871	A		
1872	T		
1873	A		
1874	A		
1875	C	1899	G
1876	T		
1877	T	1897	A
1878	T		
1879	G	1895	C
1880	C	1894	G
1881	A		
1882	A		
1883	G	1890	C
1884	G	1889	C
1885	A		
1886	G		
1887	A		
1888	G		
1889	C	1884	G
1890	C	1883	G
1891	A		
1892	A		
1893	A		
1894	G	1880	C
1895	C	1879	G
1896	T		
1897	A	1877	T
1898	A		
1899	G	1875	C
1900	A		
1901	C		
1902	C		
1903	C	2019	G
1904	C	2018	G
1905	C		
1906	G	2016	C
1907	A		
1908	A		
1909	A		
1910	C	2010	T
1911	C	2009	G
1912	A	2008	G
1913	G	2007	T
1914	A		
1915	C	2004	G
1916	G		
1917	A		
1918	G		
1919	C		
1920	T		
1921	A	1983	T
1922	C	1982	G
1923	C	1981	G
1924	T	1980	A
1925	A	1979	T
1926	A		
1927	G		
1928	A	1976	T
1929	A	1975	T
1930	C	1973	G
1931	A		
1932	G	1942	C
1933	C	1941	G
1934	T	1940	A
1935	A		
1936	A		
1937	A		
1938	A		
1939	G		
1940	A	1934	T
1941	G	1933	C
1942	C	1932	G
1943	A		
1944	C		
1945	A		
1946	C	1970	G
1947	C	1969	G
1948	C	1968	G
1949	G		
1950	T		
1951	C	1966	G
1952	T	1965	A
1953	A	1964	T
1954	T	1963	A
1955	G		
1956	T		
1957	A		
1958	G		
1959	C		
1960	A		
1961	A		
1962	A		
1963	A	1954	T
1964	T	1953	A
1965	A	1952	T
1966	G	1951	C
1967	T		
1968	G	1948	C
1969	G	1947	C
1970	G	1946	C
1971	A		
1972	A		
1973	G	1930	C
1974	A		
1975	T	1929	A
1976	T	1928	A
1977	T		
1978	A		
1979	T	1925	A
1980	A	1924	T
1981	G	1923	C
1982	G	1922	C
1983	T	1921	A
1984	A		
1985	G	2001	C
1986	A		
1987	G	1997	C
1988	G	1996	C
1989	C		
1990	G		
1991	A		
1992	C		
1993	A		
1994	A		
1995	A		
1996	C	1988	G
1997	C	1987	G
1998	T		
1999	A		
2000	C		
2001	C	1985	G
2002	G		
2003	A		
2004	G	1915	C
2005	C		
2006	C		
2007	T	1913	G
2008	G	1912	A
2009	G	1911	C
2010	T	1910	C
2011	G		
2012	A		
2013	T		
2014	A		
2015	G		
2016	C	1906	G
2017	T		
2018	G	1904	C
2019	G	1903	C
2020	T		
2021	T		
2022	G	2271	C
2023	T	2270	A
2024	C	2269	G
2025	C	2268	G
2026	A	2267	T
2027	A	2266	T
2028	G		
2029	A		
2030	T		
2031	A		
2032	G	2043	C
2033	A	2041	T
2034	A		
2035	T	2040	G
2036	C		
2037	T		
2038	T		
2039	A		
2040	G	2035	T
2041	T	2033	A
2042	T		
2043	C	2032	G
2044	A		
2045	A	2095	T
2046	C	2094	G
2047	T		
2048	T	2091	A
2049	T	2090	A
2050	A	2089	T
2051	A	2088	T
2052	A	2087	T
2053	T	2086	A
2054	T	2085	A
2055	T	2084	A
2056	G	2083	T
2057	C	2082	G
2058	C		
2059	C		
2060	A		
2061	C		
2062	A		
2063	G	2077	C
2064	A	2076	C
2065	A		
2066	C		
2067	C		
2068	C		
2069	T		
2070	C		
2071	T		
2072	A		
2073	A		
2074	A		
2075	T		
2076	C	2064	A
2077	C	2063	G
2078	C		
2079	C		
2080	T		
2081	T		
2082	G	2057	C
2083	T	2056	G
2084	A	2055	T
2085	A	2054	T
2086	A	2053	T
2087	T	2052	A
2088	T	2051	A
2089	T	2050	A
2090	A	2049	T
2091	A	2048	T
2092	C		
2093	T		
2094	G	2046	C
2095	T	2045	A
2096	T		
2097	A		
2098	G	2123	C
2099	T	2122	A
2100	C	2121	G
2101	C	2120	G
2102	A	2119	T
2103	A	2118	T
2104	A	2117	T
2105	G	2116	C
2106	A	2115	T
2107	G	2114	C
2108	G		
2109	A		
2110	A		
2111	C		
2112	A		
2113	G		
2114	C	2107	G
2115	T	2106	A
2116	C	2105	G
2117	T	2104	A
2118	T	2103	A
2119	T	2102	A
2120	G	2101	C
2121	G	2100	C
2122	A	2099	T
2123	C	2098	G
2124	A		
2125	C		
2126	T		
2127	A	2138	T
2128	G	2137	C
2129	G	2136	C
2130	A		
2131	A		
2132	A		
2133	A		
2134	A		
2135	A		
2136	C	2129	G
2137	C	2128	G
2138	T	2127	A
2139	T		
2140	G		
2141	T		
2142	A		
2143	G	2257	C
2144	A	2256	T
2145	G	2255	C
2146	A		
2147	G	2254	C
2148	A	2253	T
2149	G	2252	C
2150	T		
2151	A		
2152	A		
2153	A	2248	T
2154	A		
2155	A		
2156	A		
2157	T		
2158	T		
2159	T		
2160	A		
2161	A		
2162	C		
2163	A		
2164	C		
2165	C		
2166	C		
2167	A		
2168	T		
2169	A		
2170	G	2190	C
2171	T		
2172	A		
2173	G	2187	C
2174	G	2186	C
2175	C	2185	G
2176	C		
2177	T		
2178	A		
2179	A		
2180	A		
2181	A		
2182	G		
2183	C		
2184	A		
2185	G	2175	C
2186	C	2174	G
2187	C	2173	G
2188	A		
2189	C		
2190	C	2170	G
2191	A		
2192	A		
2193	T		
2194	T		
2195	A		
2196	A		
2197	G	2212	C
2198	A		
2199	A		
2200	A	2211	T
2201	G	2210	C
2202	C		
2203	G		
2204	T		
2205	T		
2206	C		
2207	A		
2208	A		
2209	G		
2210	C	2201	G
2211	T	2200	A
2212	C	2197	G
2213	A		
2214	A		
2215	C		
2216	A		
2217	C		
2218	C		
2219	C		
2220	A		
2221	C		
2222	T		
2223	A		
2224	C		
2225	C		
2226	T		
2227	A		
2228	A		
2229	A		
2230	A		
2231	A		
2232	A		
2233	T		
2234	C		
2235	C		
2236	C		
2237	A		
2238	A		
2239	A		
2240	C		
2241	A		
2242	T		
2243	A		
2244	T		
2245	A		
2246	A		
2247	C		
2248	T	2153	A
2249	G		
2250	A		
2251	A		
2252	C	2149	G
2253	T	2148	A
2254	C	2147	G
2255	C	2145	G
2256	T	2144	A
2257	C	2143	G
2258	A		
2259	C		
2260	A		
2261	C		
2262	C		
2263	C		
2264	A		
2265	A		
2266	T	2027	A
2267	T	2026	A
2268	G	2025	C
2269	G	2024	C
2270	A	2023	T
2271	C	2022	G
2272	C		
2273	A		
2274	A		
2275	T	2290	A
2276	C	2289	G
2277	T	2288	A
2278	A	2287	T
2279	T	2286	A
2280	C		
2281	A		
2282	C		
2283	C		
2284	C		
2285	T		
2286	A	2279	T
2287	T	2278	A
2288	A	2277	T
2289	G	2276	C
2290	A	2275	T
2291	A		
2292	G		
2293	A		
2294	A		
2295	C		
2296	T		
2297	A		
2298	A		
2299	T		
2300	G	1865	C
2301	T	1864	A
2302	T	1863	A
2303	A	1862	T
2304	G	1861	T
2305	T	1860	A
2306	A		
2307	T		
2308	A		
2309	A		
2310	G		
2311	T		
2312	A		
2313	A		
2314	C		
2315	A		
2316	T		
2317	G	2326	C
2318	A	2325	T
2319	A	2324	T
2320	A		
2321	A		
2322	C		
2323	A		
2324	T	2319	A
2325	T	2318	A
2326	C	2317	G
2327	T	2450	A
2328	C	2449	G
2329	C	2448	G
2330	T		
2331	C		
2332	C		
2333	G	2441	C
2334	C	2440	G
2335	A	2439	T
2336	T	2438	A
2337	A		
2338	A		
2339	G		
2340	C		
2341	C		
2342	T		
2343	G	2423	C
2344	C		
2345	G	2368	C
2346	T	2367	A
2347	C	2366	G
2348	A	2365	T
2349	G	2364	C
2350	A		
2351	T		
2352	T		
2353	A		
2354	A		
2355	A		
2356	A		
2357	C		
2358	A		
2359	C		
2360	T		
2361	G		
2362	A		
2363	A		
2364	C	2349	G
2365	T	2348	A
2366	G	2347	C
2367	A	2346	T
2368	C	2345	G
2369	A		
2370	A		
2371	T		
2372	T		
2373	A		
2374	A		
2375	C	2421	G
2376	A	2420	T
2377	G	2419	C
2378	C		
2379	C		
2380	C		
2381	A	2411	T
2382	A	2410	T
2383	T	2409	A
2384	A	2408	T
2385	T		
2386	C		
2387	T		
2388	A		
2389	C		
2390	A		
2391	A		
2392	T		
2393	C		
2394	A		
2395	A		
2396	C		
2397	C		
2398	A		
2399	A		
2400	C	2403	G
2401	A		
2402	A		
2403	G	2400	C
2404	T		
2405	C		
2406	A		
2407	T		
2408	T	2384	A
2409	A	2383	T
2410	T	2382	A
2411	T	2381	A
2412	A		
2413	C		
2414	C		
2415	C		
2416	T		
2417	C		
2418	A		
2419	C	2377	G
2420	T	2376	A
2421	G	2375	C
2422	T		
2423	C	2343	G
2424	A		
2425	A		
2426	C		
2427	C	2436	G
2428	C	2435	G
2429	A		
2430	A		
2431	C		
2432	A		
2433	C		
2434	A		
2435	G	2428	C
2436	G	2427	C
2437	C		
2438	A	2336	T
2439	T	2335	A
2440	G	2334	C
2441	C	2333	G
2442	T		
2443	C		
2444	A		
2445	T		
2446	A		
2447	A		
2448	G	2329	C
2449	G	2328	C
2450	A	2327	T
2451	A		
2452	A		
2453	G	2671	C
2454	G	2670	C
2455	T	2669	A
2456	T	2668	A
2457	A		
2458	A		
2459	A		
2460	A		
2461	A	2666	T
2462	A	2665	T
2463	A	2664	T
2464	G	2663	C
2465	T	2662	A
2466	A	2661	T
2467	A	2660	T
2468	A		
2469	A	2658	T
2470	G	2657	C
2471	G		
2472	A		
2473	A	2656	T
2474	C		
2475	T		
2476	C		
2477	G		
2478	G	2653	C
2479	C		
2480	A		
2481	A		
2482	A		
2483	T		
2484	C		
2485	T		
2486	T		
2487	A	2648	T
2488	C	2647	G
2489	C	2646	G
2490	C	2645	G
2491	C	2643	G
2492	G	2642	C
2493	C		
2494	C		
2495	T		
2496	G	2508	C
2497	T	2507	A
2498	T		
2499	T		
2500	A		
2501	C		
2502	C		
2503	A		
2504	A		
2505	A		
2506	A		
2507	A	2497	T
2508	C	2496	G
2509	A		
2510	T		
2511	C		
2512	A		
2513	C	2537	G
2514	C	2536	G
2515	T	2535	A
2516	C	2534	G
2517	T	2533	A
2518	A	2532	T
2519	G		
2520	C		
2521	A		
2522	T		
2523	C		
2524	A		
2525	C		
2526	C		
2527	A		
2528	G		
2529	T		
2530	A		
2531	T		
2532	T	2518	A
2533	A	2517	T
2534	G	2516	C
2535	A	2515	T
2536	G	2514	C
2537	G	2513	C
2538	C		
2539	A		
2540	C		
2541	C		
2542	G	2637	C
2543	C	2636	G
2544	C	2635	G
2545	T		
2546	G	2569	C
2547	C	2568	G
2548	C	2567	G
2549	C		
2550	A		
2551	G	2566	C
2552	T	2565	A
2553	G	2562	T
2554	A	2561	T
2555	C	2560	G
2556	A		
2557	C		
2558	A		
2559	T		
2560	G	2555	C
2561	T	2554	A
2562	T	2553	G
2563	T		
2564	A		
2565	A	2552	T
2566	C	2551	G
2567	G	2548	C
2568	G	2547	C
2569	C	2546	G
2570	C	2587	G
2571	G	2586	T
2572	C	2585	G
2573	G	2584	C
2574	G	2583	C
2575	T		
2576	A		
2577	C		
2578	C		
2579	C		
2580	T		
2581	A		
2582	A		
2583	C	2574	G
2584	C	2573	G
2585	G	2572	C
2586	T	2571	G
2587	G	2570	C
2588	C		
2589	A		
2590	A		
2591	A		
2592	G		
2593	G		
2594	T		
2595	A		
2596	G	2630	T
2597	C	2627	G
2598	A		
2599	T		
2600	A		
2601	A		
2602	T		
2603	C		
2604	A		
2605	C		
2606	T		
2607	T		
2608	G	2624	C
2609	T	2623	A
2610	T	2622	G
2611	C	2621	G
2612	C	2620	G
2613	T		
2614	T		
2615	A		
2616	A		
2617	A		
2618	T		
2619	A		
2620	G	2612	C
2621	G	2611	C
2622	G	2610	T
2623	A	2609	T
2624	C	2608	G
2625	C		
2626	T		
2627	G	2597	C
2628	T		
2629	A		
2630	T	2596	G
2631	G		
2632	A		
2633	A		
2634	T		
2635	G	2544	C
2636	G	2543	C
2637	C	2542	G
2638	T		
2639	C		
2640	C		
2641	A		
2642	C	2492	G
2643	G	2491	C
2644	A		
2645	G	2490	C
2646	G	2489	C
2647	G	2488	C
2648	T	2487	A
2649	T		
2650	C		
2651	A		
2652	G		
2653	C	2478	G
2654	T		
2655	G		
2656	T	2473	A
2657	C	2470	G
2658	T	2469	A
2659	C		
2660	T	2467	A
2661	T	2466	A
2662	A	2465	T
2663	C	2464	G
2664	T	2463	A
2665	T	2462	A
2666	T	2461	A
2667	T		
2668	A	2456	T
2669	A	2455	T
2670	C	2454	G
2671	C	2453	G
2672	A		
2673	G		
2674	T		
2675	G		
2676	A		
2677	A		
2678	A		
2679	T		
2680	T		
2681	G		
2682	A		
2683	C		
2684	C		
2685	T		
2686	G	2703	C
2687	C	2702	G
2688	C	2701	G
2689	C	2700	G
2690	G	2699	C
2691	T		
2692	G		
2693	A		
2694	A		
2695	G		
2696	A		
2697	G		
2698	G		
2699	C	2690	G
2700	G	2689	C
2701	G	2688	C
2702	G	2687	C
2703	C	2686	G
2704	A		
2705	T		
2706	A		
2707	A		
2708	C		
2709	A		
2710	C		
2711	A	3108	T
2712	G	3106	C
2713	C		
2714	A		
2715	A	3104	T
2716	G	3103	C
2717	A	3102	T
2718	C		
2719	G	3099	C
2720	A	3098	T
2721	G		
2722	A		
2723	A		
2724	G		
2725	A		
2726	C		
2727	C	2933	G
2728	C	2932	G
2729	T	2931	A
2730	A	2930	T
2731	T		
2732	G	2929	C
2733	G	2928	C
2734	A	2927	C
2735	G	2926	A
2736	C	2925	T
2737	T	2924	T
2738	T		
2739	T		
2740	A		
2741	A	2807	T
2742	T	2806	T
2743	T	2805	A
2744	T		
2745	A		
2746	T	2802	A
2747	T	2801	A
2748	A	2800	T
2749	A	2799	T
2750	T	2798	A
2751	G	2797	C
2752	C	2796	G
2753	A	2795	T
2754	A		
2755	A		
2756	C		
2757	A		
2758	G		
2759	T		
2760	A		
2761	C		
2762	C		
2763	T		
2764	A		
2765	A		
2766	C		
2767	A		
2768	A		
2769	A		
2770	C		
2771	C		
2772	C		
2773	A		
2774	C		
2775	A		
2776	G		
2777	G		
2778	T		
2779	C		
2780	C		
2781	T		
2782	A		
2783	A		
2784	A		
2785	C		
2786	T		
2787	A		
2788	C		
2789	C		
2790	A		
2791	A		
2792	A		
2793	C		
2794	C		
2795	T	2753	A
2796	G	2752	C
2797	C	2751	G
2798	A	2750	T
2799	T	2749	A
2800	T	2748	A
2801	A	2747	T
2802	A	2746	T
2803	A		
2804	A		
2805	A	2743	T
2806	T	2742	T
2807	T	2741	A
2808	T		
2809	C		
2810	G	2822	C
2811	G	2821	C
2812	T	2820	A
2813	T		
2814	G		
2815	G		
2816	G		
2817	G		
2818	C		
2819	G		
2820	A	2812	T
2821	C	2811	G
2822	C	2810	G
2823	T	2845	A
2824	C	2844	G
2825	G	2843	C
2826	G	2842	C
2827	A	2841	T
2828	G	2840	C
2829	C		
2830	A		
2831	G		
2832	A		
2833	A		
2834	C		
2835	C		
2836	C		
2837	A		
2838	A		
2839	C		
2840	C	2828	G
2841	T	2827	A
2842	C	2826	G
2843	C	2825	G
2844	G	2824	C
2845	A	2823	T
2846	G		
2847	C		
2848	A	2890	T
2849	G	2889	C
2850	T		
2851	A		
2852	C		
2853	A		
2854	T		
2855	G	2877	C
2856	C	2876	G
2857	T		
2858	A		
2859	A		
2860	G	2872	C
2861	A	2871	T
2862	C	2870	G
2863	T		
2864	T		
2865	C		
2866	A		
2867	C		
2868	C		
2869	A		
2870	G	2862	C
2871	T	2861	A
2872	C	2860	G
2873	A		
2874	A		
2875	A		
2876	G	2856	C
2877	C	2855	G
2878	G		
2879	A		
2880	A		
2881	C		
2882	T		
2883	A		
2884	C		
2885	T		
2886	A		
2887	T		
2888	A		
2889	C	2849	G
2890	T	2848	A
2891	C		
2892	A		
2893	A		
2894	T		
2895	T		
2896	G		
2897	A		
2898	T		
2899	C		
2900	C	2909	G
2901	A	2908	T
2902	A	2907	T
2903	T		
2904	A		
2905	A		
2906	C		
2907	T	2902	A
2908	T	2901	A
2909	G	2900	C
2910	A		
2911	C		
2912	C		
2913	A		
2914	A		
2915	C		
2916	G		
2917	G		
2918	A		
2919	A		
2920	C		
2921	A		
2922	A		
2923	G		
2924	T	2737	T
2925	T	2736	C
2926	A	2735	G
2927	C	2734	A
2928	C	2733	G
2929	C	2732	G
2930	T	2730	A
2931	A	2729	T
2932	G	2728	C
2933	G	2727	C
2934	G		
2935	A		
2936	T		
2937	A		
2938	A		
2939	C		
2940	A		
2941	G		
2942	C		
2943	G	2982	C
2944	C		
2945	A		
2946	A	2980	T
2947	T		
2948	C	2976	G
2949	C	2975	G
2950	T	2974	A
2951	A	2973	T
2952	T	2972	A
2953	T	2971	A
2954	C		
2955	T	2968	A
2956	A		
2957	G	2967	C
2958	A	2966	T
2959	G		
2960	T		
2961	C		
2962	C		
2963	A		
2964	T		
2965	A		
2966	T	2958	A
2967	C	2957	G
2968	A	2955	T
2969	A		
2970	C		
2971	A	2953	T
2972	A	2952	T
2973	T	2951	A
2974	A	2950	T
2975	G	2949	C
2976	G	2948	C
2977	G		
2978	T		
2979	T		
2980	T	2946	A
2981	A		
2982	C	2943	G
2983	G		
2984	A		
2985	C		
2986	C		
2987	T		
2988	C		
2989	G		
2990	A		
2991	T		
2992	G		
2993	T		
2994	T	3068	G
2995	G	3067	T
2996	G	3066	C
2997	A	3065	T
2998	T		
2999	C	3061	G
3000	A	3058	T
3001	G	3057	C
3002	G	3056	C
3003	A	3055	T
3004	C	3054	G
3005	A		
3006	T		
3007	C	3032	G
3008	C	3031	G
3009	C		
3010	G	3027	T
3011	A	3026	T
3012	T	3025	A
3013	G	3024	T
3014	G	3023	C
3015	T	3022	G
3016	G		
3017	C		
3018	A		
3019	G		
3020	C		
3021	C		
3022	G	3015	T
3023	C	3014	G
3024	T	3013	G
3025	A	3012	T
3026	T	3011	A
3027	T	3010	G
3028	A		
3029	A		
3030	A		
3031	G	3008	C
3032	G	3007	C
3033	T		
3034	T	3048	A
3035	C	3047	G
3036	G	3046	C
3037	T	3045	A
3038	T	3044	A
3039	T		
3040	G		
3041	T		
3042	T		
3043	C		
3044	A	3038	T
3045	A	3037	T
3046	C	3036	G
3047	G	3035	C
3048	A	3034	T
3049	T		
3050	T		
3051	A		
3052	A		
3053	A		
3054	G	3004	C
3055	T	3003	A
3056	C	3002	G
3057	C	3001	G
3058	T	3000	A
3059	A		
3060	C		
3061	G	2999	C
3062	T		
3063	G		
3064	A		
3065	T	2997	A
3066	C	2996	G
3067	T	2995	G
3068	G	2994	T
3069	A		
3070	G		
3071	T		
3072	T		
3073	C		
3074	A		
3075	G	3093	C
3076	A	3092	T
3077	C	3091	G
3078	C	3090	G
3079	G	3088	C
3080	G	3087	C
3081	A	3086	T
3082	G		
3083	T		
3084	A		
3085	A		
3086	T	3081	A
3087	C	3080	G
3088	C	3079	G
3089	A		
3090	G	3078	C
3091	G	3077	C
3092	T	3076	A
3093	C	3075	G
3094	G		
3095	G		
3096	T		
3097	T		
3098	T	2720	A
3099	C	2719	G
3100	T		
3101	A		
3102	T	2717	A
3103	C	2716	G
3104	T	2715	A
3105	A		
3106	C	2712	G
3108	T	2711	A
3109	T		
3110	C		
3111	A		
3112	A		
3113	A	3143	T
3114	T	3142	A
3115	T	3141	A
3116	C		
3117	C	3139	G
3118	T	3138	A
3119	C	3137	G
3120	C		
3121	C		
3122	T		
3123	G		
3124	T		
3125	A		
3126	C	3131	G
3127	G		
3128	A		
3129	A		
3130	A		
3131	G	3126	C
3132	G		
3133	A		
3134	C		
3135	A		
3136	A		
3137	G	3119	C
3138	A	3118	T
3139	G	3117	C
3140	A		
3141	A	3115	T
3142	A	3114	T
3143	T	3113	A
3144	A	3167	T
3145	A	3166	T
3146	G	3165	C
3147	G	3164	C
3148	C	3163	G
3149	C		
3150	T		
3151	A		
3152	C	3161	G
3153	T	3160	A
3154	T	3159	A
3155	C		
3156	A		
3157	C		
3158	A		
3159	A	3154	T
3160	A	3153	T
3161	G	3152	C
3162	C		
3163	G	3148	C
3164	C	3147	G
3165	C	3146	G
3166	T	3145	A
3167	T	3144	A
3168	C		
3169	C		
3170	C		
3171	C		
3172	C		
3173	G		
3174	T	3195	A
3175	A	3194	T
3176	A	3193	T
3177	A		
3178	T		
3179	G		
3180	A		
3181	T		
3182	A		
3183	T		
3184	C		
3185	A		
3186	T		
3187	C		
3188	T		
3189	C		
3190	A		
3191	A		
3192	C		
3193	T	3176	A
3194	T	3175	A
3195	A	3174	T
3196	G		
3197	T		
3198	A		
3199	T		
3200	T		
3201	A		
3202	T		
3203	A		
3204	C		
3205	C		
3206	C		
3207	A		
3208	C		
3209	A		
3210	C		
3211	C		
3212	C		
3213	A	3227	T
3214	C	3226	G
3215	C	3225	G
3216	C	3224	G
3217	A		
3218	A		
3219	G		
3220	A		
3221	A		
3222	C		
3223	A		
3224	G	3216	C
3225	G	3215	C
3226	G	3214	C
3227	T	3213	A
3228	T		
3229	T		
