Genomic Coordinate	Base
648	A
649	A
650	T
651	A
652	G
653	G
654	T
655	T
656	T
657	G
658	G
659	T
660	C
661	C
662	T
663	A
664	G
665	C
666	C
667	T
668	T
669	T
670	C
671	T
672	A
673	T
674	T
675	A
676	G
677	C
678	T
679	C
680	T
681	T
682	A
683	G
684	T
685	A
686	A
687	G
688	A
689	T
690	T
691	A
692	C
693	A
694	C
695	A
696	T
697	G
698	C
699	A
700	A
701	G
702	C
703	A
704	T
705	C
706	C
707	C
708	C
709	G
710	T
711	T
712	C
713	C
714	A
715	G
716	T
717	G
718	A
719	G
720	T
721	T
722	C
723	A
724	C
725	C
726	C
727	T
728	C
729	T
730	A
731	A
732	A
733	T
734	C
735	A
736	C
737	C
738	A
739	C
740	G
741	A
742	T
743	C
744	A
745	A
746	A
747	A
748	G
749	G
750	A
751	A
752	C
753	A
754	A
755	G
756	C
757	A
758	T
759	C
760	A
761	A
762	G
763	C
764	A
765	C
766	G
767	C
768	A
769	G
770	C
771	A
772	A
773	T
774	G
775	C
776	A
777	G
778	C
779	T
780	C
781	A
782	A
783	A
784	A
785	C
786	G
787	C
788	T
789	T
790	A
791	G
792	C
793	C
794	T
795	A
796	G
797	C
798	C
799	A
800	C
801	A
802	C
803	C
804	C
805	C
806	C
807	A
808	C
809	G
810	G
811	G
812	A
813	A
814	A
815	C
816	A
817	G
818	C
819	A
820	G
821	T
822	G
823	A
824	T
825	T
826	A
827	A
828	C
829	C
830	T
831	T
832	T
833	A
834	G
835	C
836	A
837	A
838	T
839	A
840	A
841	A
842	C
843	G
844	A
845	A
846	A
847	G
848	T
849	T
850	T
851	A
852	A
853	C
854	T
855	A
856	A
857	G
858	C
859	T
860	A
861	T
862	A
863	C
864	T
865	A
866	A
867	C
868	C
869	C
870	C
871	A
872	G
873	G
874	G
875	T
876	T
877	G
878	G
879	T
880	C
881	A
882	A
883	T
884	T
885	T
886	C
887	G
888	T
889	G
890	C
891	C
892	A
893	G
894	C
895	C
896	A
897	C
898	C
899	G
900	C
901	G
902	G
903	T
904	C
905	A
906	C
907	A
908	C
909	G
910	A
911	T
912	T
913	A
914	A
915	C
916	C
917	C
918	A
919	A
920	G
921	T
922	C
923	A
924	A
925	T
926	A
927	G
928	A
929	A
930	G
931	C
932	C
933	G
934	G
935	C
936	G
937	T
938	A
939	A
940	A
941	G
942	A
943	G
944	T
945	G
946	T
947	T
948	T
949	T
950	A
951	G
952	A
953	T
954	C
955	A
956	C
957	C
958	C
959	C
960	C
961	T
962	C
963	C
964	C
965	C
966	A
967	A
968	T
969	A
970	A
971	A
972	G
973	C
974	T
975	A
976	A
977	A
978	A
979	C
980	T
981	C
982	A
983	C
984	C
985	T
986	G
987	A
988	G
989	T
990	T
991	G
992	T
993	A
994	A
995	A
996	A
997	A
998	A
999	C
1000	T
1001	C
1002	C
1003	A
1004	G
1005	T
1006	T
1007	G
1008	A
1009	C
1010	A
1011	C
1012	A
1013	A
1014	A
1015	A
1016	T
1017	A
1018	G
1019	A
1020	C
1021	T
1022	A
1023	C
1024	G
1025	A
1026	A
1027	A
1028	G
1029	T
1030	G
1031	G
1032	C
1033	T
1034	T
1035	T
1036	A
1037	A
1038	C
1039	A
1040	T
1041	A
1042	T
1043	C
1044	T
1045	G
1046	A
1047	A
1048	C
1049	A
1050	C
1051	A
1052	C
1053	A
1054	A
1055	T
1056	A
1057	G
1058	C
1059	T
1060	A
1061	A
1062	G
1063	A
1064	C
1065	C
1066	C
1067	A
1068	A
1069	A
1070	C
1071	T
1072	G
1073	G
1074	G
1075	A
1076	T
1077	T
1078	A
1079	G
1080	A
1081	T
1082	A
1083	C
1084	C
1085	C
1086	C
1087	A
1088	C
1089	T
1090	A
1091	T
1092	G
1093	C
1094	T
1095	T
1096	A
1097	G
1098	C
1099	C
1100	C
1101	T
1102	A
1103	A
1104	A
1105	C
1106	C
1107	T
1108	C
1109	A
1110	A
1111	C
1112	A
1113	G
1114	T
1115	T
1116	A
1117	A
1118	A
1119	T
1120	C
1121	A
1122	A
1123	C
1124	A
1125	A
1126	A
1127	A
1128	C
1129	T
1130	G
1131	C
1132	T
1133	C
1134	G
1135	C
1136	C
1137	A
1138	G
1139	A
1140	A
1141	C
1142	A
1143	C
1144	T
1145	A
1146	C
1147	G
1148	A
1149	G
1150	C
1151	C
1152	A
1153	C
1154	A
1155	G
1156	C
1157	T
1158	T
1159	A
1160	A
1161	A
1162	A
1163	C
1164	T
1165	C
1166	A
1167	A
1168	A
1169	G
1170	G
1171	A
1172	C
1173	C
1174	T
1175	G
1176	G
1177	C
1178	G
1179	G
1180	T
1181	G
1182	C
1183	T
1184	T
1185	C
1186	A
1187	T
1188	A
1189	T
1190	C
1191	C
1192	C
1193	T
1194	C
1195	T
1196	A
1197	G
1198	A
1199	G
1200	G
1201	A
1202	G
1203	C
1204	C
1205	T
1206	G
1207	T
1208	T
1209	C
1210	T
1211	G
1212	T
1213	A
1214	A
1215	T
1216	C
1217	G
1218	A
1219	T
1220	A
1221	A
1222	A
1223	C
1224	C
1225	C
1226	C
1227	G
1228	A
1229	T
1230	C
1231	A
1232	A
1233	C
1234	C
1235	T
1236	C
1237	A
1238	C
1239	C
1240	A
1241	C
1242	C
1243	T
1244	C
1245	T
1246	T
1247	G
1248	C
1249	T
1250	C
1251	A
1252	G
1253	C
1254	C
1255	T
1256	A
1257	T
1258	A
1259	T
1260	A
1261	C
1262	C
1263	G
1264	C
1265	C
1266	A
1267	T
1268	C
1269	T
1270	T
1271	C
1272	A
1273	G
1274	C
1275	A
1276	A
1277	A
1278	C
1279	C
1280	C
1281	T
1282	G
1283	A
1284	T
1285	G
1286	A
1287	A
1288	G
1289	G
1290	C
1291	T
1292	A
1293	C
1294	A
1295	A
1296	A
1297	G
1298	T
1299	A
1300	A
1301	G
1302	C
1303	G
1304	C
1305	A
1306	A
1307	G
1308	T
1309	A
1310	C
1311	C
1312	C
1313	A
1314	C
1315	G
1316	T
1317	A
1318	A
1319	A
1320	G
1321	A
1322	C
1323	G
1324	T
1325	T
1326	A
1327	G
1328	G
1329	T
1330	C
1331	A
1332	A
1333	G
1334	G
1335	T
1336	G
1337	T
1338	A
1339	G
1340	C
1341	C
1342	C
1343	A
1344	T
1345	G
1346	A
1347	G
1348	G
1349	T
1350	G
1351	G
1352	C
1353	A
1354	A
1355	G
1356	A
1357	A
1358	A
1359	T
1360	G
1361	G
1362	G
1363	C
1364	T
1365	A
1366	C
1367	A
1368	T
1369	T
1370	T
1371	T
1372	C
1373	T
1374	A
1375	C
1376	C
1377	C
1378	C
1379	A
1380	G
1381	A
1382	A
1383	A
1384	A
1385	C
1386	T
1387	A
1388	C
1389	G
1390	A
1391	T
1392	A
1393	G
1394	C
1395	C
1396	C
1397	T
1398	T
1399	A
1400	T
1401	G
1402	A
1403	A
1404	A
1405	C
1406	T
1407	T
1408	A
1409	A
1410	G
1411	G
1412	G
1413	T
1414	C
1415	G
1416	A
1417	A
1418	G
1419	G
1420	T
1421	G
1422	G
1423	A
1424	T
1425	T
1426	T
1427	A
1428	G
1429	C
1430	A
1431	G
1432	T
1433	A
1434	A
1435	A
1436	C
1437	T
1438	A
1439	A
1440	G
1441	A
1442	G
1443	T
1444	A
1445	G
1446	A
1447	G
1448	T
1449	G
1450	C
1451	T
1452	T
1453	A
1454	G
1455	T
1456	T
1457	G
1458	A
1459	A
1460	C
1461	A
1462	G
1463	G
1464	G
1465	C
1466	C
1467	C
1468	T
1469	G
1470	A
1471	A
1472	G
1473	C
1474	G
1475	C
1476	G
1477	T
1478	A
1479	C
1480	A
1481	C
1482	A
1483	C
1484	C
1485	G
1486	C
1487	C
1488	C
1489	G
1490	T
1491	C
1492	A
1493	C
1494	C
1495	C
1496	T
1497	C
1498	C
1499	T
1500	C
1501	A
1502	A
1503	G
1504	T
1505	A
1506	T
1507	A
1508	C
1509	T
1510	T
1511	C
1512	A
1513	A
1514	A
1515	G
1516	G
1517	A
1518	C
1519	A
1520	T
1521	T
1522	T
1523	A
1524	A
1525	C
1526	T
1527	A
1528	A
1529	A
1530	A
1531	C
1532	C
1533	C
1534	C
1535	T
1536	A
1537	C
1538	G
1539	C
1540	A
1541	T
1542	T
1543	T
1544	A
1545	T
1546	A
1547	T
1548	A
1549	G
1550	A
1551	G
1552	G
1553	A
1554	G
1555	A
1556	C
1557	A
1558	A
1559	G
1560	T
1561	C
1562	G
1563	T
1564	A
1565	A
1566	C
1567	A
1568	T
1569	G
1570	G
1571	T
1572	A
1573	A
1574	G
1575	T
1576	G
1577	T
1578	A
1579	C
1580	T
1581	G
1582	G
1583	A
1584	A
1585	A
1586	G
1587	T
1588	G
1589	C
1590	A
1591	C
1592	T
1593	T
1594	G
1595	G
1596	A
1597	C
1598	G
1599	A
1600	A
1601	C